Graph,N,M,Orig_λ₂,Orig_AvgNodeConn,Orig_GCC_5%,Orig_AttackCurveAUC,Orig_ASPL,Orig_Diameter,Orig_ArticulationPoints,Orig_Bridges,Orig_BetCentralization,Orig_NatConnectivity,Orig_EffResistance,Orig_Assortativity,Orig_AvgClustering,BudgetEdges,GREEDY_DEG_λ₂,GREEDY_DEG_AvgNodeConn,GREEDY_DEG_GCC_5%,GREEDY_DEG_AttackCurveAUC,GREEDY_DEG_ASPL,GREEDY_DEG_Diameter,GREEDY_DEG_ArticulationPoints,GREEDY_DEG_Bridges,GREEDY_DEG_BetCentralization,GREEDY_DEG_NatConnectivity,GREEDY_DEG_EffResistance,GREEDY_DEG_Assortativity,GREEDY_DEG_AvgClustering,GREEDY_BET_λ₂,GREEDY_BET_AvgNodeConn,GREEDY_BET_GCC_5%,GREEDY_BET_AttackCurveAUC,GREEDY_BET_ASPL,GREEDY_BET_Diameter,GREEDY_BET_ArticulationPoints,GREEDY_BET_Bridges,GREEDY_BET_BetCentralization,GREEDY_BET_NatConnectivity,GREEDY_BET_EffResistance,GREEDY_BET_Assortativity,GREEDY_BET_AvgClustering,GREEDY_ALG_λ₂,GREEDY_ALG_AvgNodeConn,GREEDY_ALG_GCC_5%,GREEDY_ALG_AttackCurveAUC,GREEDY_ALG_ASPL,GREEDY_ALG_Diameter,GREEDY_ALG_ArticulationPoints,GREEDY_ALG_Bridges,GREEDY_ALG_BetCentralization,GREEDY_ALG_NatConnectivity,GREEDY_ALG_EffResistance,GREEDY_ALG_Assortativity,GREEDY_ALG_AvgClustering,PBR_λ₂,PBR_AvgNodeConn,PBR_GCC_5%,PBR_AttackCurveAUC,PBR_ASPL,PBR_Diameter,PBR_ArticulationPoints,PBR_Bridges,PBR_BetCentralization,PBR_NatConnectivity,PBR_EffResistance,PBR_Assortativity,PBR_AvgClustering,EFFRES_λ₂,EFFRES_AvgNodeConn,EFFRES_GCC_5%,EFFRES_AttackCurveAUC,EFFRES_ASPL,EFFRES_Diameter,EFFRES_ArticulationPoints,EFFRES_Bridges,EFFRES_BetCentralization,EFFRES_NatConnectivity,EFFRES_EffResistance,EFFRES_Assortativity,EFFRES_AvgClustering,IVI_λ₂,IVI_AvgNodeConn,IVI_GCC_5%,IVI_AttackCurveAUC,IVI_ASPL,IVI_Diameter,IVI_ArticulationPoints,IVI_Bridges,IVI_BetCentralization,IVI_NatConnectivity,IVI_EffResistance,IVI_Assortativity,IVI_AvgClustering,NNSI_λ₂,NNSI_AvgNodeConn,NNSI_GCC_5%,NNSI_AttackCurveAUC,NNSI_ASPL,NNSI_Diameter,NNSI_ArticulationPoints,NNSI_Bridges,NNSI_BetCentralization,NNSI_NatConnectivity,NNSI_EffResistance,NNSI_Assortativity,NNSI_AvgClustering,%Δ_PBR_vs_Orig_λ₂,%Δ_EFFRES_vs_Orig_λ₂,%Δ_IVI_vs_Orig_λ₂,%Δ_NNSI_vs_Orig_λ₂,%Δ_PBR_vs_Orig_AvgNodeConn,%Δ_EFFRES_vs_Orig_AvgNodeConn,%Δ_IVI_vs_Orig_AvgNodeConn,%Δ_NNSI_vs_Orig_AvgNodeConn,%Δ_PBR_vs_Orig_GCC_5%,%Δ_EFFRES_vs_Orig_GCC_5%,%Δ_IVI_vs_Orig_GCC_5%,%Δ_NNSI_vs_Orig_GCC_5%,%Δ_PBR_vs_Orig_AttackCurveAUC,%Δ_EFFRES_vs_Orig_AttackCurveAUC,%Δ_IVI_vs_Orig_AttackCurveAUC,%Δ_NNSI_vs_Orig_AttackCurveAUC,%Δ_PBR_vs_Orig_ASPL,%Δ_EFFRES_vs_Orig_ASPL,%Δ_IVI_vs_Orig_ASPL,%Δ_NNSI_vs_Orig_ASPL,%Δ_PBR_vs_Orig_Diameter,%Δ_EFFRES_vs_Orig_Diameter,%Δ_IVI_vs_Orig_Diameter,%Δ_NNSI_vs_Orig_Diameter,%Δ_PBR_vs_Orig_ArticulationPoints,%Δ_EFFRES_vs_Orig_ArticulationPoints,%Δ_IVI_vs_Orig_ArticulationPoints,%Δ_NNSI_vs_Orig_ArticulationPoints,%Δ_PBR_vs_Orig_Bridges,%Δ_EFFRES_vs_Orig_Bridges,%Δ_IVI_vs_Orig_Bridges,%Δ_NNSI_vs_Orig_Bridges,%Δ_PBR_vs_Orig_BetCentralization,%Δ_EFFRES_vs_Orig_BetCentralization,%Δ_IVI_vs_Orig_BetCentralization,%Δ_NNSI_vs_Orig_BetCentralization,%Δ_PBR_vs_Orig_NatConnectivity,%Δ_EFFRES_vs_Orig_NatConnectivity,%Δ_IVI_vs_Orig_NatConnectivity,%Δ_NNSI_vs_Orig_NatConnectivity,%Δ_PBR_vs_Orig_EffResistance,%Δ_EFFRES_vs_Orig_EffResistance,%Δ_IVI_vs_Orig_EffResistance,%Δ_NNSI_vs_Orig_EffResistance,%Δ_PBR_vs_Orig_Assortativity,%Δ_EFFRES_vs_Orig_Assortativity,%Δ_IVI_vs_Orig_Assortativity,%Δ_NNSI_vs_Orig_Assortativity,%Δ_PBR_vs_Orig_AvgClustering,%Δ_EFFRES_vs_Orig_AvgClustering,%Δ_IVI_vs_Orig_AvgClustering,%Δ_NNSI_vs_Orig_AvgClustering,%Δ_PBR_vs_EFFRES_λ₂,%Δ_PBR_vs_EFFRES_AvgNodeConn,%Δ_PBR_vs_EFFRES_GCC_5%,%Δ_PBR_vs_EFFRES_AttackCurveAUC,%Δ_PBR_vs_EFFRES_ASPL,%Δ_PBR_vs_EFFRES_Diameter,%Δ_PBR_vs_EFFRES_ArticulationPoints,%Δ_PBR_vs_EFFRES_Bridges,%Δ_PBR_vs_EFFRES_BetCentralization,%Δ_PBR_vs_EFFRES_NatConnectivity,%Δ_PBR_vs_EFFRES_EffResistance,%Δ_PBR_vs_EFFRES_Assortativity,%Δ_PBR_vs_EFFRES_AvgClustering,Run,SizeBucket
Cesnet1999,13,12,0.1835034190722744,1.0,0.3333333333333333,0.059090909090909,2.1538461538461537,3.0,2,12,10.909090909090908,1.0142566432760445,168.00000000000009,-0.7735849056603774,0.0,2,0.1952804914215239,1.0,0.4166666666666667,0.0756818181818181,2.1153846153846154,3.0,2,7,10.454545454545457,1.1512334272730456,137.33333333333346,-0.680755395683453,0.1666666666666666,0.3923950384324878,1.0,0.3333333333333333,0.059090909090909,1.9230769230769231,3.0,2,9,11.0,1.3534638724047483,131.75000000000003,-0.794066317626527,0.1822843822843823,0.3923950384324887,1.0,0.3333333333333333,0.059090909090909,1.9230769230769231,3.0,2,9,11.0,1.3534638724047496,131.75000000000006,-0.794066317626527,0.1822843822843823,0.2299447695822895,1.0,0.4166666666666667,0.0756818181818181,2.08974358974359,3.0,2,8,10.0,1.2337851093971572,140.6666666666666,-0.6927899686520376,0.2427350427350427,0.2299447695822893,1.0,0.4166666666666667,0.0756818181818181,2.08974358974359,3.0,2,8,10.0,1.2337851093971586,140.66666666666669,-0.6927899686520376,0.2427350427350427,0.2329705969513074,1.0,0.4166666666666667,0.0756818181818181,2.1153846153846154,3.0,2,7,10.272727272727272,1.1694373408908698,137.3333333333333,-0.617805755395683,0.1559829059829059,0.1689233949544836,1.0,0.3333333333333333,0.0672727272727272,2.128205128205128,3.0,2,9,10.454545454545457,1.2326399936927348,151.75000000000017,-0.6259716506630082,0.2094017094017093,25.31,25.31,26.96,-7.95,0.0,0.0,0.0,0.0,25.0,25.0,25.0,0.0,28.08,28.08,28.08,13.85,-2.98,-2.98,-1.79,-1.19,0.0,0.0,0.0,0.0,0.0,0.0,0.0,0.0,-33.33,-33.33,-41.67,-25.0,-8.33,-8.33,-5.83,-4.17,21.64,21.64,15.3,21.53,-16.27,-16.27,-18.25,-9.67,10.44,10.44,20.14,19.08,2427350427.35,2427350427.35,1559829059.83,2094017094.02,0.0,0.0,0.0,0.0,0.0,0.0,0.0,0.0,0.0,-0.0,-0.0,0.0,0.0,1,Small
Harnet,21,23,0.082250045799923,1.0,0.85,0.1282905056759546,3.057142857142857,5.0,6,13,11.982456140350877,1.0550749295203208,496.2857142857141,-0.5794486215538848,0.0,3,0.1042670426338965,1.0,0.85,0.1394033367733058,2.9047619047619047,5.0,4,6,9.43157894736842,1.1590118036981507,379.3022452504318,-0.4137115839243491,0.0984126984126984,0.2021217581492631,1.0,0.85,0.1282905056759546,2.5619047619047617,5.0,6,12,8.947368421052632,1.5130762829054436,386.708,-0.3699885452462768,0.0547619047619047,0.2378911050573052,1.0,0.75,0.1276238390092879,2.533333333333333,4.0,6,12,10.112280701754386,1.3117284361114134,368.2926292629265,-0.4958223919789924,0.0112244897959183,0.1461022300998728,1.0,0.9,0.1360103199174406,2.771428571428572,5.0,6,10,8.087719298245615,1.306432904805704,400.2932038834954,-0.5218466611706516,0.1479591836734693,0.0728307035022615,1.0,0.75,0.1255822153422772,2.9857142857142858,5.0,5,8,11.763157894736844,1.2062926705233654,442.89017341040415,-0.418181818181818,0.1571428571428571,0.0701340901883212,1.0,0.95,0.1486974544203646,2.9380952380952383,5.0,6,9,12.12280701754386,1.2546839042977942,451.7471910112356,-0.4293193717277488,0.2095238095238095,0.111339869344064,1.0,0.8,0.1296418988648091,2.933333333333333,5.0,4,8,9.660401002506266,1.210370553719208,392.539616778871,-0.5205776173285207,0.0587301587301587,77.63,-11.45,-14.73,35.37,0.0,0.0,0.0,0.0,5.88,-11.76,11.76,-5.88,6.02,-2.11,15.91,1.05,-9.35,-2.34,-3.89,-4.05,0.0,0.0,0.0,0.0,0.0,-16.67,0.0,-33.33,-23.08,-38.46,-30.77,-38.46,-32.5,-1.83,1.17,-19.38,23.82,14.33,18.92,14.72,-19.34,-10.76,-8.97,-20.9,9.94,27.83,25.91,10.16,1479591836.73,1571428571.43,2095238095.24,587301587.3,100.61,0.0,20.0,8.3,-7.18,0.0,20.0,25.0,-31.25,8.3,-9.62,-24.79,-5.84,1,Small
HostwayInternational,16,21,0.0613027997444792,1.0,1.0,0.1685164835164835,3.283333333333333,8.0,3,2,6.642857142857143,1.2563237190763428,248.26139088729136,0.054662379421222,0.2604166666666667,3,0.0617015321611304,2.0,1.0,0.1685164835164835,3.05,7.0,0,0,5.433333333333334,1.424090939204088,185.3105795009283,0.1884057971014509,0.3020833333333333,0.1344630951124554,1.0,1.0,0.1934065934065933,2.533333333333333,5.0,1,1,8.542857142857143,1.5806896966611057,157.82074987159734,0.0051813471502598,0.3482142857142857,0.2127237198699557,1.0,1.0,0.177087912087912,2.4166666666666665,5.0,1,1,5.499999999999999,1.4141442472731869,138.66706211338018,-0.1791907514450858,0.2,0.1673843446272436,2.0,1.0,0.1891208791208791,2.5166666666666666,5.0,0,0,4.04047619047619,1.4208413307846277,134.276670503423,0.1282051282051274,0.2375,0.1302749559588359,2.0,1.0,0.1922527472527472,2.6166666666666667,5.0,0,0,3.154761904761905,1.468250877006465,142.8614827640481,0.085365853658536,0.225,0.0924830432252348,2.0,1.0,0.187967032967033,2.7333333333333334,6.0,0,0,4.685714285714285,1.4893285067723023,162.31410187667564,0.0175438596491224,0.3083333333333333,0.1182703826092679,2.0,1.0,0.1891208791208791,2.625,5.0,0,0,3.7619047619047614,1.4349487007873098,148.9903564264769,0.1282051282051274,0.2375,173.05,112.51,50.86,92.93,100.0,100.0,100.0,100.0,0.0,0.0,0.0,0.0,12.23,14.09,11.54,12.23,-23.35,-20.3,-16.75,-20.05,-37.5,-37.5,-25.0,-37.5,-100.0,-100.0,-100.0,-100.0,-100.0,-100.0,-100.0,-100.0,-39.18,-52.51,-29.46,-43.37,13.1,16.87,18.55,14.22,-45.91,-42.46,-34.62,-39.99,134.54,56.17,-67.91,134.54,-8.8,-13.6,18.4,-8.8,28.49,0.0,0.0,-1.63,-3.82,0.0,0.0,0.0,28.08,-3.23,-6.01,50.18,5.56,1,Small
Epoch,6,7,0.5000000000000001,2.0,1.0,0.2,1.6666666666666667,3.0,0,0,1.6666666666666667,1.0134545097182002,14.199999999999998,-0.1666666666666642,0.0,2,0.6666666666666659,3.0,1.0,0.2,1.4,2.0,0,0,0.5,1.430091498236118,9.4,,0.3333333333333333,0.5917517095361378,2.0,1.0,0.2,1.4,2.0,0,0,2.25,1.5988201028535414,10.818181818181824,-0.4545454545454561,0.7333333333333333,0.7288521245466602,2.0,1.0,0.2,1.4,2.0,0,0,1.1666666666666663,1.4816175990611262,9.739130434782608,-0.3846153846153867,0.2777777777777777,0.7288521245466602,2.0,1.0,0.2,1.4,2.0,0,0,1.1666666666666663,1.4816175990611258,9.73913043478261,-0.3846153846153867,0.2777777777777777,0.9999999999999998,3.0,1.0,0.2,1.4,2.0,0,0,0.5,1.3919170239319214,9.0,,0.0,0.4999999999999998,2.0,1.0,0.2,1.4666666666666666,3.0,0,0,1.3333333333333333,1.580205756143528,11.109090909090918,-0.2600000000000029,0.7222222222222222,0.7052897722133649,2.0,1.0,0.2,1.4,2.0,0,0,1.25,1.5455041782941192,10.295081967213116,-0.4400000000000025,0.4722222222222221,45.77,100.0,-0.0,41.06,0.0,50.0,0.0,0.0,0.0,0.0,0.0,0.0,0.0,0.0,0.0,0.0,-16.0,-16.0,-12.0,-16.0,-33.33,-33.33,0.0,-33.33,0.0,0.0,0.0,0.0,0.0,0.0,0.0,0.0,-30.0,-70.0,-20.0,-25.0,46.19,37.34,55.92,52.5,-31.41,-36.62,-21.77,-27.5,-130.77,,-56.0,-164.0,2777777777.78,0.0,7222222222.22,4722222222.22,-27.11,-33.33,0.0,0.0,0.0,0.0,0.0,0.0,133.33,6.44,8.21,,2777777777.78,1,Small
Belnet2010,22,25,0.0847633657635491,2.0,1.0,0.1297894736842105,3.4242424242424243,7.0,0,0,10.883333333333333,0.9640823404794292,485.7422037422031,-6.167905692361986e-16,0.0,3,0.1010487366564613,2.0,1.0,0.1672105263157894,3.168831168831169,7.0,0,0,9.846666666666666,1.0846069463194157,392.0358386395562,0.102564102564103,0.0,0.1101824794614875,2.0,1.0,0.1297894736842105,3.060606060606061,6.0,0,0,13.816666666666666,1.246354015083566,413.315214949913,-0.0263459335624279,0.0745670995670995,0.1777469327036092,2.0,1.0,0.1409561403508772,2.8484848484848486,5.0,0,0,10.833333333333334,1.103348839821835,357.5944363952476,-0.030674846625767,0.0,0.0957118718846634,2.0,1.0,0.1496491228070175,3.1082251082251084,6.0,0,0,9.983333333333333,1.1084592893622172,392.71258734912624,-0.0769230769230772,0.1515151515151515,0.1148230218931073,2.0,1.0,0.1446491228070175,3.034632034632035,6.0,0,0,9.832380952380952,1.1000467487819174,370.35789231388975,-0.0363636363636362,0.0,0.122559214899649,2.0,1.0,0.1496491228070175,2.9437229437229435,6.0,0,0,12.216666666666669,1.1129749428910007,360.28253646449275,-0.1018801923917796,0.0,0.1267992043246572,2.0,1.0,0.1880701754385965,3.034632034632035,6.0,0,0,8.958333333333334,1.0671160672877449,359.5596358442467,-0.0170940170940176,0.0,12.92,35.46,44.59,49.59,0.0,0.0,0.0,0.0,0.0,0.0,0.0,0.0,15.3,11.45,15.3,44.9,-9.23,-11.38,-14.03,-11.38,-14.29,-14.29,-14.29,-14.29,0.0,0.0,0.0,0.0,0.0,0.0,0.0,0.0,-8.27,-9.66,12.25,-17.69,14.98,14.1,15.44,10.69,-19.15,-23.75,-25.83,-25.98,-769230721.79,-363636341.21,-1018801861.08,-170940160.4,1515151515.15,0.0,0.0,0.0,-16.64,0.0,0.0,3.46,2.43,0.0,0.0,0.0,1.54,0.76,6.04,-111.54,1515151515.15,1,Small
Renater2008,33,43,0.0989817188639026,1.0,0.875,0.0957033917756943,3.102272727272727,7.0,4,6,18.33333333333333,1.3712327696735451,956.2672987524631,-0.2638624237804872,0.2184879093970003,5,0.0887258634177757,1.0,0.9375,0.1100594796687677,3.0492424242424243,7.0,2,0,17.694009216589862,1.4791820402293097,803.6961240202876,-0.1829802136228328,0.2235384144475053,0.1875851235565707,1.0,0.875,0.0992589473312498,2.632575757575758,4.0,4,6,22.995698924731183,1.855044096330288,791.3580394937675,-0.254938601174586,0.2518518518518518,0.1962697771429435,1.0,0.875,0.1020653989441531,2.715909090909091,5.0,4,6,20.145161290322584,1.685202917064247,781.0107893064948,-0.2383519445514052,0.1708569208569208,0.1193268497456947,1.0,0.90625,0.1031361720253544,2.922348484848485,6.0,4,2,16.174193548387095,1.497746157072455,787.5691554028555,-0.2391847468770544,0.3028772574227119,0.1376596526413336,1.0,0.9375,0.1161513277539417,2.935606060606061,6.0,4,4,15.99032258064516,1.5153148229315525,784.2726505289208,-0.2298544007695331,0.2705540250994795,0.125561836752175,1.0,0.90625,0.1031361720253544,2.9204545454545454,6.0,4,3,16.12043010752688,1.500282392145137,786.1429043087036,-0.2503526093088854,0.2826752372206916,0.1306741699346806,1.0,0.9375,0.1199977973762734,2.958333333333333,6.0,4,4,16.000000000000004,1.504702435858781,791.1143166116627,-0.2180672832060044,0.2602846648301193,20.55,39.08,26.85,32.02,0.0,0.0,0.0,0.0,3.57,7.14,3.57,7.14,7.77,21.37,7.77,25.39,-5.8,-5.37,-5.86,-4.64,-14.29,-14.29,-14.29,-14.29,0.0,0.0,0.0,0.0,-66.67,-33.33,-50.0,-33.33,-11.78,-12.78,-12.07,-12.73,9.23,10.51,9.41,9.73,-17.64,-17.99,-17.79,-17.27,9.35,12.89,5.12,17.36,38.62,23.83,29.38,19.13,-13.32,0.0,-3.33,-11.21,-0.45,0.0,0.0,-50.0,1.15,-1.16,0.42,-4.06,11.95,1,Small
TLex,12,13,0.353142948819255,1.0,0.5454545454545454,0.0992727272727272,2.075757575757576,3.0,3,8,8.2,1.2412105566847913,115.87500000000006,-0.6960573476702508,0.1337301587301587,2,0.2504328309322253,1.0,0.5454545454545454,0.0992727272727272,2.0454545454545454,3.0,3,4,8.0,1.3994441275375311,99.8750000000001,-0.5292636878539958,0.4783730158730158,0.4396909333393338,1.0,0.5454545454545454,0.0992727272727272,1.893939393939394,3.0,2,6,8.9,1.5949955704535073,97.41666666666671,-0.7141469731304627,0.3185185185185185,0.4442191843136993,1.0,0.7272727272727273,0.1283636363636364,2.0,3.0,3,5,6.9,1.4510530509241997,96.23529411764702,-0.6180758017492707,0.2200396825396825,0.444219184313699,1.0,0.7272727272727273,0.1283636363636364,2.0,3.0,3,5,6.9,1.4510530509241992,96.23529411764706,-0.6180758017492707,0.2200396825396825,0.4381725634990421,1.0,0.7272727272727273,0.1283636363636364,2.015151515151515,3.0,2,4,7.466666666666666,1.3552612081699542,92.78125,-0.5292636878539958,0.1337301587301587,0.3923617881399253,1.0,0.7272727272727273,0.1318636363636363,2.015151515151515,3.0,3,5,7.4,1.3942670445031686,96.23684210526324,-0.5520565552699234,0.2478174603174603,0.4215772568033883,1.0,0.7272727272727273,0.1283636363636364,2.0303030303030303,3.0,3,5,7.333333333333333,1.4105512479861932,96.95890410958908,-0.523136246786633,0.1922619047619047,25.79,24.08,11.11,19.38,0.0,0.0,0.0,0.0,33.33,33.33,33.33,33.33,29.3,29.3,32.83,29.3,-3.65,-2.92,-2.92,-2.19,0.0,0.0,0.0,0.0,0.0,-33.33,0.0,0.0,-37.5,-50.0,-37.5,-37.5,-15.85,-8.94,-9.76,-10.57,16.91,9.19,12.33,13.64,-16.95,-19.93,-16.95,-16.32,11.2,23.96,20.69,24.84,64.54,0.0,85.31,43.77,1.38,0.0,0.0,0.0,-0.75,0.0,50.0,25.0,-7.59,7.07,3.72,-16.78,64.54,1,Small
Fccn,23,25,0.0799526818579708,1.0,0.5454545454545454,0.0654759626338573,2.766798418972332,5.0,4,17,15.476190476190476,1.3229869493685082,583.5833333333335,-0.7597426813350739,0.1462670180061484,3,0.1032785888767879,1.0,0.5909090909090909,0.0704281157439052,2.6798418972332017,5.0,3,11,14.571428571428571,1.4406852910087642,492.9133333333342,-0.6019615856150389,0.3217610891523935,0.2607752934963138,1.0,0.6818181818181818,0.0763850535429482,2.272727272727273,3.0,3,15,13.80952380952381,1.742261044830172,445.32499999999976,-0.6939051918735892,0.2044998479781088,0.2607752934963144,1.0,0.6818181818181818,0.0763850535429482,2.272727272727273,3.0,3,15,13.80952380952381,1.7422610448301696,445.32499999999993,-0.6939051918735892,0.2044998479781088,0.1322992000700385,1.0,0.6818181818181818,0.0797008430166325,2.6600790513833994,5.0,3,13,14.333333333333334,1.5332173901961506,461.1688311688312,-0.7423039054808007,0.1364953886693017,0.1335189250998262,1.0,0.5909090909090909,0.0741248575985418,2.612648221343873,5.0,3,14,14.793650793650793,1.5234134921645064,480.2087286527516,-0.6847172081829124,0.1740447957839262,0.1512962230942767,1.0,0.6818181818181818,0.0763850535429482,2.600790513833992,5.0,3,15,13.523809523809524,1.5987766237027292,472.5656565656568,-0.7798449612403101,0.136231884057971,0.1673015024220516,1.0,0.7272727272727273,0.0907306903622693,2.5928853754940717,5.0,3,12,13.0,1.411493304643393,445.85937499999966,-0.6609181038073809,0.1172815107597716,65.47,67.0,89.23,109.25,0.0,0.0,0.0,0.0,25.0,8.33,25.0,33.33,21.73,13.21,16.66,38.57,-3.86,-5.57,-6.0,-6.29,0.0,0.0,0.0,0.0,-25.0,-25.0,-25.0,-25.0,-23.53,-17.65,-11.76,-29.41,-7.38,-4.41,-12.62,-16.0,15.89,15.15,20.85,6.69,-20.98,-17.71,-19.02,-23.6,2.3,9.88,-2.65,13.01,-6.68,18.99,-6.86,-19.82,-0.91,0.0,15.38,7.52,1.82,0.0,0.0,-7.14,-3.11,0.64,-3.96,-8.41,-21.57,1,Small
Abilene,11,14,0.1396033715710865,2.0,1.0,0.1983333333333333,2.418181818181818,5.0,0,0,3.4074074074074074,1.1036144850520695,75.41832669322712,0.0666666666666669,0.1515151515151515,2,0.2605110304701895,2.0,1.0,0.2,2.0545454545454547,4.0,0,0,1.6111111111111112,1.2765604010705989,50.78978978978979,-0.0666666666666666,0.1818181818181818,0.2044548039410604,2.0,1.0,0.2,2.145454545454545,4.0,0,0,4.0740740740740735,1.4418100849631514,61.16600790513839,0.1666666666666666,0.2848484848484848,0.3834966755620544,2.0,1.0,0.2,1.981818181818182,4.0,0,0,1.7037037037037035,1.2521934376321249,47.88788426763108,-0.25,0.0757575757575757,0.2653953450142474,2.0,1.0,0.2,1.981818181818182,4.0,0,0,2.7185185185185183,1.2846669727797593,52.2039831019916,-0.2307692307692307,0.1363636363636363,0.290421965445325,2.0,1.0,0.2,1.981818181818182,4.0,0,0,2.648148148148148,1.2839459975580223,51.4127358490566,-0.2307692307692307,0.1363636363636363,0.2700333362660903,2.0,1.0,0.195,2.0,4.0,0,0,2.7777777777777777,1.2915641680361356,51.74482758620691,-0.2972972972972973,0.2121212121212121,0.357944586095099,2.0,1.0,0.2,1.963636363636364,4.0,0,0,2.1296296296296293,1.2657265936900366,49.12330145948666,-0.1531531531531531,0.0757575757575757,90.11,108.03,93.43,156.4,0.0,0.0,0.0,0.0,0.0,0.0,0.0,0.0,0.84,0.84,-1.68,0.84,-18.05,-18.05,-17.29,-18.8,-20.0,-20.0,-20.0,-20.0,0.0,0.0,0.0,0.0,0.0,0.0,0.0,0.0,-20.22,-22.28,-18.48,-37.5,16.41,16.34,17.03,14.69,-30.78,-31.83,-31.39,-34.87,-446.15,-446.15,-545.95,-329.73,-10.0,-10.0,40.0,-50.0,-8.62,0.0,0.0,0.0,0.0,0.0,0.0,0.0,2.66,0.06,1.54,0.0,0.0,1,Small
Ilan,14,15,0.226556863296153,1.0,0.6153846153846154,0.0957371794871795,2.3736263736263736,4.0,2,9,8.583333333333334,1.1480276412905126,162.00000000000006,-0.9760479041916166,0.0,2,0.2457366168718608,1.0,0.6923076923076923,0.1110897435897435,2.230769230769231,4.0,2,5,7.75,1.266103732468013,135.30303030303034,-0.8196988196988191,0.1462585034013605,0.3928663334780436,1.0,0.6153846153846154,0.0957371794871795,1.978021978021978,3.0,2,8,8.833333333333334,1.6076936381330291,141.3333333333334,-0.865472910927456,0.3022675736961451,0.3928663334780436,1.0,0.6153846153846154,0.0957371794871795,1.978021978021978,3.0,2,8,8.833333333333334,1.6076936381330291,141.3333333333334,-0.865472910927456,0.3022675736961451,0.3654224196392528,1.0,0.6923076923076923,0.1110897435897435,2.120879120879121,4.0,2,6,8.166666666666666,1.3131790244863242,132.5714285714285,-0.8710186061179442,0.0,0.3654224196392528,1.0,0.6923076923076923,0.1110897435897435,2.120879120879121,4.0,2,6,8.166666666666666,1.3131790244863242,132.5714285714285,-0.8710186061179442,0.0,0.265346312931811,1.0,0.6153846153846154,0.1003205128205128,2.230769230769231,4.0,2,6,8.666666666666666,1.3448198942810516,137.6666666666668,-0.8602964364553772,0.1448412698412698,0.3654224196392524,1.0,0.6923076923076923,0.1110897435897435,2.120879120879121,4.0,2,6,8.166666666666666,1.3131790244863246,132.57142857142856,-0.8710186061179442,0.0,61.29,61.29,17.12,61.29,0.0,0.0,0.0,0.0,12.5,12.5,0.0,12.5,16.04,16.04,4.79,16.04,-10.65,-10.65,-6.02,-10.65,0.0,0.0,0.0,0.0,0.0,0.0,0.0,0.0,-33.33,-33.33,-33.33,-33.33,-4.85,-4.85,0.97,-4.85,14.39,14.39,17.14,14.39,-18.17,-18.17,-15.02,-18.17,10.76,10.76,11.86,10.76,0.0,0.0,1448412698.41,0.0,0.0,0.0,0.0,0.0,0.0,0.0,0.0,0.0,0.0,0.0,0.0,0.0,0.0,1,Small
Garr200902,54,68,0.0659270549776692,1.1408450704225352,0.8846153846153846,0.0962307463267771,3.523410202655486,7.0,15,32,24.797435897435903,1.464021802085208,3161.261062354498,-0.2706798953070784,0.0576973438084549,7,0.0901843288239665,1.481981981981982,0.9615384615384616,0.104534178104745,3.397624039133473,6.0,11,17,21.881801211608902,1.5291620203788077,2587.437685473927,-0.1528806097760637,0.0959689487467265,0.1100707594054983,1.15,0.8846153846153846,0.102399504956587,3.052410901467505,6.0,15,32,34.64102564102565,2.1569319429002074,2781.544818510243,-0.1649717514124296,0.0920308752008098,0.1808885382434933,1.21875,0.8846153846153846,0.1142188020177554,3.168413696715584,6.0,15,30,13.372771672771671,1.662606952634162,2620.016175313397,-0.2682551883166795,0.0551988135321468,0.0866117159847374,1.3438914027149322,0.9230769230769232,0.1119558536980592,3.4157931516422084,7.0,14,26,19.31410256410256,1.6155109909052867,2762.6770735217024,-0.1963076270137399,0.0526855860189193,0.0879854631378411,1.3574660633484164,0.9230769230769232,0.1046849157206481,3.410901467505241,7.0,12,26,18.93397435897436,1.6144335029109615,2759.079545962465,-0.2082441776158727,0.0804633637966971,0.090933076653103,1.3438914027149322,0.9423076923076924,0.1133903407334626,3.4157931516422084,7.0,14,25,19.18108974358975,1.6111481882851002,2735.9989998699225,-0.1913767019667172,0.0526855860189193,0.0848160644325665,1.3619909502262444,0.9423076923076924,0.1112407615103569,3.429070580013976,7.0,13,23,21.89642857142857,1.5690423282160206,2718.6189532749104,-0.180837915778538,0.0677649510982844,31.38,33.46,37.93,28.65,17.8,18.99,17.8,19.38,4.35,4.35,6.52,6.52,16.34,8.79,17.83,15.6,-3.05,-3.19,-3.05,-2.68,0.0,0.0,0.0,0.0,-6.67,-20.0,-6.67,-13.33,-18.75,-18.75,-21.87,-28.12,-22.11,-23.65,-22.65,-11.7,10.35,10.27,10.05,7.17,-12.61,-12.72,-13.45,-14.0,27.48,23.07,29.3,33.19,-8.69,39.46,-8.69,17.45,-1.56,-1.0,0.0,6.95,0.14,0.0,16.67,0.0,2.01,0.07,0.13,5.73,-34.52,1,Medium
Garr200908,54,68,0.0659270549776692,1.1415929203539823,0.8846153846153846,0.0962307463267771,3.523410202655486,7.0,15,32,24.797435897435903,1.464021802085208,3161.261062354498,-0.2706798953070784,0.0576973438084549,7,0.0901843288239665,1.4794520547945205,0.9615384615384616,0.104534178104745,3.397624039133473,6.0,11,17,21.881801211608902,1.5291620203788077,2587.437685473927,-0.1528806097760637,0.0959689487467265,0.1100707594054983,1.1945701357466063,0.8846153846153846,0.102399504956587,3.052410901467505,6.0,15,32,34.64102564102565,2.1569319429002074,2781.544818510243,-0.1649717514124296,0.0920308752008098,0.1808885382434933,1.2837837837837838,0.8846153846153846,0.1142188020177554,3.168413696715584,6.0,15,30,13.372771672771671,1.662606952634162,2620.016175313397,-0.2682551883166795,0.0551988135321468,0.085288273105735,1.3468468468468469,0.9423076923076924,0.1135125655729961,3.4255765199161425,7.0,14,24,21.29450549450549,1.5765380730912288,2727.755595230747,-0.1879662666234185,0.0702340869007535,0.075580221484982,1.3212669683257918,0.9423076923076924,0.1005759426660473,3.4542278127183788,7.0,14,26,21.770879120879123,1.6473130139485488,2841.030335249782,-0.1811940452985115,0.0855192132969911,0.0826753529825007,1.3981900452488687,0.9423076923076924,0.1045208592122639,3.440251572327044,7.0,14,23,22.241941391941392,1.5668850627402164,2702.759821696484,-0.171328043657775,0.0578884078884079,0.0884670586757093,1.3727272727272728,0.9230769230769232,0.1106106435875524,3.3955276030747727,7.0,12,26,18.214346764346768,1.6123724782622628,2732.896838055645,-0.2185645662616562,0.0514510181176847,29.37,14.64,25.4,34.19,17.98,15.74,22.48,20.25,6.52,6.52,6.52,4.35,17.96,4.52,8.61,14.94,-2.78,-1.96,-2.36,-3.63,0.0,0.0,0.0,0.0,-6.67,-6.67,-6.67,-20.0,-25.0,-18.75,-28.12,-18.75,-14.13,-12.21,-10.31,-26.55,7.69,12.52,7.03,10.13,-13.71,-10.13,-14.5,-13.55,30.56,33.06,36.7,19.25,21.73,48.22,0.33,-10.83,12.84,1.94,0.0,12.86,-0.83,0.0,0.0,-7.69,-2.19,-4.3,-3.99,-3.74,-17.87,1,Medium
RoedunetFibre,48,52,0.0189145541897568,1.0,0.6304347826086957,0.109151677196308,5.206560283687943,13.0,13,25,24.818840579710145,0.9691840353838256,4149.915649910509,-0.3238602723505036,0.0,6,0.0287418124482742,1.0,0.9347826086956522,0.1223805176738846,4.874113475177305,11.0,7,7,23.420289855072472,1.0730274141500689,3022.48751620284,-0.1023391812865499,0.0868055555555555,0.0768757760905471,1.0,0.6304347826086957,0.1043968722365212,3.75354609929078,9.0,12,21,31.93478260869565,1.3057616906222558,2765.417401113968,-0.0594724943481536,0.0389790764790764,0.0889089880780795,1.0,0.8695652173913043,0.1251842574493622,3.8439716312056738,9.0,12,21,16.95579710144927,1.0892828353142603,2593.183567713469,-0.2351375332741795,0.0,0.0259290681778825,1.0,0.9130434782608696,0.1311552186070483,4.580673758865248,12.0,9,16,23.445652173913043,1.1044382891904172,3176.8703723569924,-0.2196013896507589,0.025297619047619,0.046056193612191,1.0,0.9130434782608696,0.1367295433180719,4.309397163120567,11.0,8,13,18.566666666666677,1.0729170805451005,2717.8054832289554,-0.255125284738041,0.0,0.0263245281373591,1.0,0.8913043478260869,0.1260700821222533,4.549645390070922,12.0,11,17,24.00289855072464,1.111951845156743,3194.8394638914497,-0.1915076499914047,0.0306051587301587,0.0259795964878318,1.0,0.9130434782608696,0.1262895027626091,4.576241134751773,12.0,9,17,24.83550724637681,1.0918656546300565,3196.0788986577045,-0.2252626970227668,0.03125,37.09,143.5,39.18,37.35,0.0,0.0,0.0,0.0,44.83,44.83,41.38,44.83,20.16,25.27,15.5,15.7,-12.02,-17.23,-12.62,-12.11,-7.69,-15.38,-7.69,-7.69,-30.77,-38.46,-15.38,-30.77,-36.0,-48.0,-32.0,-32.0,-5.53,-25.19,-3.29,0.07,13.96,10.7,14.73,12.66,-23.45,-34.51,-23.01,-22.98,32.19,21.22,40.87,30.44,252976190.48,0.0,306051587.3,312500000.0,-43.7,0.0,0.0,-4.08,6.3,9.09,12.5,23.08,26.28,2.94,16.89,13.92,252976190.48,1,Medium
Cesnet201006,52,63,0.0636767580525164,1.1261261261261262,0.62,0.0734399502561721,3.0520361990950224,6.0,11,33,36.8,1.65181167109776,2835.400002732649,-0.3738767099765328,0.0792605280459531,7,0.0836083467274939,1.399103139013453,0.74,0.0837433443440527,2.975113122171946,5.0,7,19,34.813333333333325,1.7141856765307546,2347.6092174466053,-0.2948968233102683,0.0792605280459531,0.1348408814516588,1.1889400921658986,0.62,0.0759702839265462,2.731523378582202,4.0,11,33,40.70666666666666,2.448270978988326,2479.283722831419,-0.3506014349762222,0.126844181459566,0.1639520942141186,1.2105263157894737,0.62,0.0858246309470507,2.874057315233786,5.0,11,33,30.94333333333333,2.069809958517969,2466.11514993718,-0.3726269754497564,0.0814970117601696,0.1133414259265913,1.2008928571428572,0.66,0.0927057451211985,2.9479638009049776,5.0,10,24,33.88533333333334,1.801928747199182,2388.6827278358496,-0.3282372394350925,0.1645519123251916,0.1133414259265913,1.2008928571428572,0.66,0.0927057451211985,2.9479638009049776,5.0,10,24,33.88533333333334,1.801928747199182,2388.6827278358496,-0.3282372394350925,0.1645519123251916,0.1229329676574759,1.251121076233184,0.64,0.1003786510904214,2.92684766214178,5.0,10,26,32.68333333333333,1.808210702844821,2342.846459135302,-0.3458889131860924,0.1039853084387497,0.1072072473053368,1.2027027027027026,0.62,0.0930812462550203,2.9291101055806936,5.0,10,26,33.223333333333336,1.8018313154357173,2376.6207902531264,-0.3446405378562153,0.1357057584790378,77.99,77.99,93.06,68.36,6.64,6.64,11.1,6.8,6.45,6.45,3.23,0.0,26.23,26.23,36.68,26.74,-3.41,-3.41,-4.1,-4.03,-16.67,-16.67,-16.67,-16.67,-9.09,-9.09,-9.09,-9.09,-27.27,-27.27,-21.21,-21.21,-7.92,-7.92,-11.19,-9.72,9.09,9.09,9.47,9.08,-15.76,-15.76,-17.37,-16.18,12.21,12.21,7.49,7.82,107.61,107.61,31.19,71.21,0.0,0.0,0.0,0.0,0.0,0.0,0.0,0.0,0.0,0.0,0.0,0.0,0.0,1,Medium
AsnetAm,65,77,0.0397242656876697,1.0622222222222222,0.2580645161290322,0.0575200699330894,3.776923076923077,8.0,16,41,42.64126984126984,1.526386147817573,6005.947238928376,-0.297275096152277,0.1274884592531651,8,0.0463175895802383,1.303964757709251,0.5161290322580645,0.0729310602595133,3.7052884615384616,8.0,11,21,40.351359398978445,1.5982901342548874,4818.125481125387,-0.2260946058252614,0.1583582430641254,0.0544180074540794,1.1521739130434785,0.2580645161290322,0.0564389283742914,3.0682692307692307,6.0,13,36,52.04761904761903,2.223735780465574,4542.603068185883,-0.2667103893641636,0.1940400625016009,0.0638562930149752,1.0873362445414847,0.4677419354838709,0.0706008184989909,3.4269230769230767,7.0,15,37,41.50052910052911,1.9503298615276183,4852.3379932009775,-0.2829381091521065,0.1718392718392718,0.0432391333678188,1.1333333333333333,0.2903225806451613,0.0661372485403755,3.6769230769230767,8.0,14,28,39.49841269841272,1.6929750311840492,4897.652423515331,-0.2457443851939346,0.1301623522676154,0.066285927293806,1.2133333333333334,0.5161290322580645,0.0782240235196959,3.539423076923077,7.0,13,27,40.00846560846559,1.6766022609973643,4545.0011352885695,-0.2482307802857753,0.1204187625240256,0.0456736568696487,1.0933333333333333,0.3064516129032258,0.0657430070614065,3.566346153846154,7.0,14,30,41.63386243386243,1.779826503940876,4963.374779410588,-0.2378577706446559,0.1612760339076128,0.0437857218668563,1.1205357142857142,0.5,0.0721263273447485,3.648076923076923,7.0,15,31,41.235978835978855,1.6867422380485544,5032.250671063009,-0.2513778815697177,0.1322136343188974,8.85,66.87,14.98,10.22,6.69,14.23,2.93,5.49,12.5,100.0,18.75,93.75,14.98,35.99,14.3,25.39,-2.65,-6.29,-5.58,-3.41,0.0,-12.5,-12.5,-12.5,-12.5,-18.75,-12.5,-6.25,-31.71,-34.15,-26.83,-24.39,-7.37,-6.17,-2.36,-3.3,10.91,9.84,16.6,10.51,-18.45,-24.32,-17.36,-16.21,17.33,16.5,19.99,15.44,2.1,-5.55,26.5,3.71,-34.77,-6.59,-43.75,-15.45,3.88,14.29,7.69,3.7,-1.27,0.98,7.76,1.0,8.09,1,Medium
Renater2010,43,56,0.0468853472292765,1.0,0.6829268292682927,0.1005763274242093,3.930232558139535,9.0,4,5,19.46190476190476,1.2765049225960945,1880.4437605598912,-0.1543382457470505,0.1701365817644887,6,0.0549681636525416,1.0,0.926829268292683,0.1331477976481185,3.6589147286821695,8.0,1,0,18.117344173441737,1.3544587128744785,1431.3543086492043,-0.1205155940147822,0.1546327057954964,0.1067201728138859,1.0,0.6829268292682927,0.0947078725031228,3.086378737541528,6.0,4,5,29.825203252032523,1.7111160713965563,1490.8871717497143,-0.1321759059600525,0.2030730897009967,0.1394995576317761,1.0,0.8048780487804879,0.12041776073002,3.1605758582502768,6.0,4,5,17.790301974448315,1.434773638395755,1357.070233976039,-0.1653420340779162,0.1685459243598778,0.0952728780225757,1.0,0.902439024390244,0.1309160474077033,3.3842746400885937,6.0,3,3,20.267169957413856,1.4101187789591958,1385.8162557989383,-0.1136925890072064,0.1548676130071478,0.0891365360357717,1.0,0.902439024390244,0.1202495613727962,3.4562569213732006,7.0,3,3,21.30549748354627,1.4147094893055758,1414.0397912853848,-0.1075407950542738,0.1548676130071478,0.0907133417858626,1.0,0.8780487804878049,0.1315541398266045,3.369878183831672,6.0,3,3,20.823035230352307,1.4335684666583426,1402.1702137417562,-0.1321460833655953,0.1706483439041578,0.0885510084918005,1.0,0.902439024390244,0.1304119080746167,3.44296788482835,7.0,3,3,20.2052651955091,1.425112446148228,1424.7789265756608,-0.1150064728316014,0.1695962951776905,103.2,90.12,93.48,88.87,0.0,0.0,0.0,0.0,32.14,32.14,28.57,32.14,30.17,19.56,30.8,29.66,-13.89,-12.06,-14.26,-12.4,-33.33,-22.22,-33.33,-22.22,-25.0,-25.0,-25.0,-25.0,-40.0,-40.0,-40.0,-40.0,4.14,9.47,6.99,3.82,10.47,10.83,12.3,11.64,-26.3,-24.8,-25.43,-24.23,26.34,30.32,14.38,25.48,-8.97,-8.97,0.3,-0.32,6.88,0.0,0.0,8.87,-2.08,-14.29,0.0,0.0,-4.87,-0.32,-2.0,-5.72,0.0,1,Medium
Tinet,53,89,0.022637021879795,1.9627906976744185,1.0,0.1672639620604075,4.249637155297533,9.0,5,5,17.048818975462574,1.800579259906994,2478.074548557808,0.0438919582565989,0.2159519725557461,8,0.0366016228381299,2.7409090909090907,1.0,0.1891014799154334,3.82510885341074,8.0,0,0,12.890503069914836,1.8614566874942888,1685.7923509752345,0.0793573060957979,0.2190966266437964,0.0799753203963108,2.0945945945945947,0.9803921568627452,0.1561758756767798,3.1132075471698117,6.0,5,5,36.27980080921257,2.37964109491785,1800.21861504845,-0.0166750496994082,0.2452231206948188,0.102543542087401,2.1743119266055047,1.0,0.1768588454944946,3.27866473149492,8.0,4,4,18.369783484489368,2.131669237717985,1767.139863227916,0.1048706735576516,0.2218369680633831,0.0752701570891887,2.3796296296296298,1.0,0.1918516049204043,3.5319303338171264,8.0,4,4,15.305204316987234,1.9233774972275703,1718.5810829065767,0.0350426801874088,0.1780364289798252,0.0706983263975414,2.3963133640553,1.0,0.1823163790520136,3.5805515239477503,7.0,3,3,14.725709475709476,1.953346869081729,1733.5827438611748,0.0569776027565834,0.2149636526995017,0.0764911406254026,2.4166666666666665,1.0,0.1822103082325959,3.539912917271408,7.0,3,3,14.312544536073954,1.94465367450776,1713.6881844419238,0.0645339451100348,0.1995997712978844,0.0775595700014118,2.3935185185185186,1.0,0.1849631808479129,3.536284470246734,7.0,3,3,15.706551944787233,1.9428662785170876,1706.6122667764507,0.0719599243206059,0.2021154945683247,232.51,212.31,237.9,242.62,21.24,22.09,23.12,21.94,0.0,0.0,0.0,0.0,14.7,9.0,8.94,10.58,-16.89,-15.74,-16.7,-16.79,-11.11,-22.22,-22.22,-22.22,-20.0,-40.0,-40.0,-40.0,-20.0,-40.0,-40.0,-40.0,-10.23,-13.63,-16.05,-7.87,6.82,8.48,8.0,7.9,-30.65,-30.04,-30.85,-31.13,-20.16,29.81,47.03,63.95,-17.56,-0.46,-7.57,-6.41,6.47,-0.7,0.0,5.23,-1.36,14.29,33.33,33.33,3.94,-1.53,-0.87,-38.5,-17.18,1,Medium
Uninett2011,69,96,0.0431216022200788,1.8495575221238936,0.9696969696969696,0.123482416640554,4.2514919011082695,9.0,10,12,22.7211561241412,1.342991917198044,4789.21470526184,0.1685458530273829,0.0182539682539682,10,0.078304252007077,2.345132743362832,1.0,0.1789699261271316,3.939897698209719,9.0,0,0,17.764072494669513,1.4127721717635364,3443.7348257806625,0.2470660901791229,0.0182539682539682,0.1020274598768948,1.8705357142857144,0.9696969696969696,0.1078588062674908,3.5699062233589087,7.0,10,12,44.54520255863538,2.027263115906872,4071.4713512282615,0.0745559273888482,0.0528613377718237,0.1135372520845038,2.0132743362831858,0.9696969696969696,0.1360593104261087,3.662404092071611,7.0,9,11,17.3062425965411,1.559756359488434,3763.5248140048416,0.0936087093116964,0.0195652173913043,0.0626938316819238,2.0929203539823007,0.9848484848484848,0.1704577128975274,3.9232736572890015,9.0,7,7,21.834886175184685,1.4898962979637596,3746.899147010468,0.1769224346664438,0.0279503105590062,0.0598996842075053,2.0044444444444443,0.9848484848484848,0.1313176264835663,3.914748508098892,9.0,6,7,21.95005707393766,1.4893833039354814,3800.560251696373,0.1660691523263229,0.039751552795031,0.0612407718746896,2.057522123893805,0.9848484848484848,0.1608815643877375,3.951406649616368,9.0,7,7,20.88588575603501,1.4898358611131286,3738.515503670348,0.1724972864657259,0.0279503105590062,0.0631527235314065,2.0530973451327434,0.9848484848484848,0.1645894650061444,3.917306052855925,9.0,7,7,22.23627210269001,1.4809741049632477,3765.766505467618,0.1859410430839004,0.0279503105590062,45.39,38.91,42.02,46.45,13.16,8.37,11.24,11.0,1.56,1.56,1.56,1.56,38.04,6.35,30.29,33.29,-7.72,-7.92,-7.06,-7.86,0.0,0.0,0.0,0.0,-30.0,-40.0,-30.0,-30.0,-41.67,-41.67,-41.67,-41.67,-3.9,-3.39,-8.08,-2.13,10.94,10.9,10.93,10.27,-21.76,-20.64,-21.94,-21.37,4.97,-1.47,2.34,10.32,53.12,117.77,53.12,53.12,4.66,4.41,0.0,29.81,0.22,0.0,16.67,0.0,-0.52,0.03,-1.41,6.54,-29.69,1,Medium
Iris,51,64,0.0258818880241731,1.5491071428571428,0.8979591836734694,0.1127631517279633,4.891764705882353,11.0,9,8,23.070748299319728,1.0803458618836548,3615.4974787740857,-0.1349862258953168,0.0424836601307189,7,0.0478347637845309,2.146118721461187,1.0,0.1555618847202454,4.329411764705882,9.0,1,0,15.382312925170067,1.188475999493522,2305.957880299785,-0.0327748112686414,0.0764705882352941,0.0634521289767763,1.653333333333333,0.8979591836734694,0.132441594884221,3.804705882352941,8.0,6,5,32.613119533527694,1.415738114317492,2528.4226988639025,0.107490465293669,0.0804770393005687,0.0750845766076306,1.7743362831858407,0.8979591836734694,0.1456560549176221,3.977254901960784,10.0,7,6,14.331584062196304,1.2101378991971676,2425.302714528953,-0.0846513299784327,0.0411764705882352,0.0673485162888319,2.136986301369863,0.979591836734694,0.1599481089111002,4.1607843137254905,8.0,4,4,13.201409135082605,1.188642384901823,2232.008104322484,-0.1381423856671391,0.0163398692810457,0.0682068251806124,2.1552511415525117,1.0,0.1622341817064898,4.067450980392157,8.0,4,4,11.82789115646259,1.1829183032203798,2178.3787696123923,-0.1969831410825213,0.0163398692810457,0.0678017750508066,2.124423963133641,0.979591836734694,0.1645994750436867,4.12156862745098,9.0,4,4,10.27463556851312,1.183847273702322,2200.9086963932245,-0.1604589030331622,0.0163398692810457,0.0711890682974155,2.1192660550458715,1.0,0.1707402455046693,4.123137254901961,9.0,4,4,9.78095238095238,1.1959283052508678,2203.3115986220278,-0.1234841762792089,0.026797385620915,160.21,163.53,161.97,175.05,37.95,39.13,37.14,36.81,9.09,11.36,9.09,11.36,41.84,43.87,45.97,51.41,-14.94,-16.85,-15.74,-15.71,-27.27,-27.27,-18.18,-18.18,-55.56,-55.56,-55.56,-55.56,-50.0,-50.0,-50.0,-50.0,-42.78,-48.73,-55.46,-57.6,10.02,9.49,9.58,10.7,-38.27,-39.75,-39.13,-39.06,-2.34,-45.93,-18.87,8.52,-61.54,-61.54,-61.54,-36.92,-1.26,-0.85,-2.04,-1.41,2.29,0.0,0.0,0.0,11.61,0.48,2.46,29.87,0.0,1,Medium
BeyondTheNetwork,53,65,0.0522978428596746,1.3094170403587444,0.8823529411764706,0.0962609928511221,3.886066763425254,7.0,10,25,24.34052287581699,1.243048337981696,3170.7981361765837,-0.4973867305835751,0.0525606469002695,7,0.0734476136456175,1.7181818181818185,0.9019607843137256,0.1196580173133483,3.646589259796807,7.0,7,11,18.93162153750389,1.3060209901890194,2328.055474767769,-0.3770372172220864,0.0525606469002695,0.1052578804142229,1.279279279279279,0.8823529411764706,0.0952144812232152,3.0682148040638606,5.0,10,25,37.431372549019606,1.7749686705280845,2619.914931620032,-0.2086792849431031,0.1153114705001497,0.1081969741372742,1.3778801843317972,0.9215686274509804,0.105321267358705,3.3969521044992743,6.0,8,22,22.034088787029965,1.4691910227459437,2536.515583135841,-0.3828283022866064,0.0539954804105747,0.0757660133419953,1.4,0.8823529411764706,0.116483893224371,3.5391872278664733,7.0,10,23,16.836928104575165,1.4197734991621047,2603.5539244938877,-0.4347151407670147,0.0719976040730757,0.0881777929256167,1.4272727272727272,0.8823529411764706,0.1240974525501656,3.5261248185776486,7.0,10,21,22.08278867102397,1.402027675492019,2512.4505677730026,-0.3996929254753753,0.0765648397723869,0.0746438752895593,1.4227272727272726,0.8823529411764706,0.1153366822957648,3.484034833091437,7.0,10,21,25.477559912854023,1.4168312249732755,2547.6238192408205,-0.3951928451648968,0.0891434561245882,0.083639493879712,1.4,0.8823529411764706,0.1214599234126364,3.44267053701016,7.0,10,23,22.288515406162468,1.3940158338997704,2518.0588195616065,-0.4386368869445091,0.0831536388140161,44.87,68.61,42.73,59.93,6.92,9.0,8.65,6.92,0.0,0.0,0.0,0.0,21.01,28.92,19.82,26.18,-8.93,-9.26,-10.35,-11.41,0.0,0.0,0.0,0.0,0.0,0.0,0.0,0.0,-8.0,-16.0,-16.0,-8.0,-30.83,-9.28,4.67,-8.43,14.22,12.79,13.98,12.14,-17.89,-20.76,-19.65,-20.59,12.6,19.64,20.55,11.81,36.98,45.67,69.6,58.21,-14.08,-1.91,0.0,-6.14,0.37,0.0,0.0,9.52,-23.76,1.27,3.63,-8.76,-5.97,1,Medium
DialtelecomCz,193,206,0.000479962591691,1.3004291845493563,0.4347826086956521,0.0838890385207479,24.423737046632123,80.0,84,87,90.19371727748693,0.9161644921829312,343350.02272462216,-0.0273240361931496,0.0141623488773747,20,0.001911680844588,2.072961373390558,0.9021739130434784,0.1429706854542064,15.087003454231434,41.0,1,0,46.284554973822,0.9978942992371128,135589.99499892246,0.1772944624402278,0.0379965457685664,0.0009797396559307,1.3793103448275863,0.4076086956521739,0.069681706215711,14.904522884283248,54.0,68,70,134.47005734230856,1.4549532608226745,199687.070361614,-0.0025098049377011,0.0759585492227979,0.005030094110556,1.617391304347826,0.9510869565217392,0.097752630118185,10.894753886010363,31.0,45,47,55.95771231386413,1.0294753494210849,109991.5043086807,0.2447608401482618,0.0160375030841352,0.0094664650726806,1.6738197424892705,0.9293478260869564,0.1290954911951577,9.014464594127809,24.0,33,35,33.967015706806286,0.997693511269284,73493.86056899161,-0.0117288924702299,0.0129533678756476,0.0112711442910321,1.6637931034482758,0.9347826086956522,0.1287834102763564,8.928540587219343,24.0,33,35,30.68394415357768,0.9966451004404,71393.12791224688,-0.0016364380199095,0.0129533678756476,0.0109617957494168,1.7339055793991416,0.9239130434782608,0.121406689411054,9.044203367875648,23.0,22,24,39.08259785589632,0.9982816189258884,68041.16519486222,-0.0484665997546551,0.0120898100172711,0.0112711442910321,1.6637931034482758,0.9347826086956522,0.1287834102763564,8.928540587219343,24.0,33,35,30.68394415357768,0.9966451004404,71393.12791224688,-0.0016364380199095,0.0129533678756476,1872.29,2248.29,2183.84,2248.29,28.71,27.94,33.33,27.94,113.75,115.0,112.5,115.0,53.89,53.52,44.72,53.52,-63.09,-63.44,-62.97,-63.44,-70.0,-70.0,-71.25,-70.0,-60.71,-60.71,-73.81,-60.71,-59.77,-59.77,-72.41,-59.77,-62.34,-65.98,-56.67,-65.98,8.9,8.78,8.96,8.78,-78.6,-79.21,-80.18,-79.21,57.07,94.01,-77.38,94.01,-8.54,-8.54,-14.63,-8.54,-16.01,0.6,-0.58,0.24,0.96,0.0,0.0,0.0,10.7,0.11,2.94,-616.73,0.0,1,Large
Cogentco,197,243,0.0037288190224018,1.6336206896551724,0.5053191489361702,0.0888667579828115,10.510411271107428,28.0,33,32,75.88745303129927,1.0749913727697562,95565.84962848257,0.0271878357160562,0.0120860526951897,20,0.0119190650667333,2.1709401709401708,0.9414893617021276,0.15364276246439,8.156894229773128,22.0,0,0,57.432170657159006,1.145554617620821,53773.89586677018,0.0828502796301279,0.0264684554024655,0.0169092232033581,1.75,0.5212765957446809,0.0899214331428528,6.037138713353362,19.0,32,32,161.557586773201,1.689635810132455,57871.02864538944,0.0215056940160636,0.0436014769989914,0.0131222329410341,1.646551724137931,0.8617021276595744,0.1325245010791834,7.229876722262509,19.0,33,32,52.232759184587074,1.1736678830281209,62232.676763347976,0.0735607396900331,0.0162557408750302,0.0142113364547392,1.893617021276596,0.946808510638298,0.1496496089701532,6.992903760488967,20.0,24,25,57.83701396069819,1.1583605442198397,50691.18475161374,0.08519649686101,0.0088711626782692,0.0144318938555881,1.927659574468085,0.925531914893617,0.1509307761883425,6.958147726095515,20.0,24,25,56.85193238670165,1.1577820260694165,50468.83239238317,0.0853173814539525,0.0088711626782692,0.0142156408340061,1.893617021276596,0.946808510638298,0.1428388801579141,6.976173210400912,20.0,24,25,56.47591462199603,1.1577600772757586,50591.28186797595,0.0831405732060122,0.0088711626782692,0.0101438127927994,1.9106382978723404,0.9308510638297872,0.1505280580367621,7.286128664663835,20.0,21,22,43.66263747648363,1.1526336981119998,51418.54293800143,0.0660932267263406,0.0081943437273386,281.12,287.04,281.24,172.04,15.92,18.0,15.92,16.96,87.37,83.16,87.37,84.21,68.4,69.84,60.73,69.39,-33.47,-33.8,-33.63,-30.68,-28.57,-28.57,-28.57,-28.57,-27.27,-27.27,-27.27,-36.36,-21.87,-21.87,-21.87,-31.25,-23.79,-25.08,-25.58,-42.46,7.76,7.7,7.7,7.22,-46.96,-47.19,-47.06,-46.2,213.36,213.81,205.8,143.1,-26.6,-26.6,-26.6,-32.2,-1.53,-1.77,2.3,-0.85,0.5,0.0,0.0,0.0,1.73,0.05,0.44,-0.14,0.0,1,Large
Deltacom,113,161,0.0093789715699437,1.931623931623932,0.9907407407407408,0.1103876869002152,7.160240202275601,23.0,10,10,50.43522873522871,1.3070438906703186,19845.906054814925,0.0383194128068838,0.1065739570164348,17,0.0132929576311929,2.3391304347826085,1.0,0.1834949278956511,6.13653603034134,17.0,0,0,35.1356932839905,1.4079911514448815,12649.987669176968,0.0818453991270782,0.1340075853350189,0.0387232864594257,2.008695652173913,0.8796296296296297,0.1140618906731634,4.257585335018963,10.0,8,8,89.87794937794935,1.9522640584228328,12050.990829974917,-0.0276432538386146,0.1530211676229374,0.0236245759787127,2.030434782608696,0.925925925925926,0.1460392456901872,5.462705436156764,15.0,9,9,35.94958887458888,1.5123756882070607,13971.179494726744,0.1815832192184568,0.1150512712459614,0.0422608876794735,2.2294372294372296,0.9907407407407408,0.171953233364906,4.82885587863464,13.0,7,7,20.017240349593283,1.4194097981474072,10282.034347654606,0.0572393322985603,0.0753055204382638,0.0419667002439439,2.2683982683982684,0.9907407407407408,0.167573101498502,4.909134007585335,13.0,7,7,22.013681213681217,1.4320357249181184,10433.739207469383,0.0820171009223728,0.085630004214075,0.0419667002439439,2.2683982683982684,0.9907407407407408,0.167573101498502,4.909134007585335,13.0,7,7,22.013681213681217,1.4320357249181184,10433.739207469383,0.0820171009223728,0.085630004214075,0.0427047148748654,2.2198275862068964,0.9907407407407408,0.1703501382679666,4.9326801517067,13.0,7,7,23.25650574179985,1.4200896472334277,10579.347793244351,0.0809077659795962,0.0720606826801517,350.59,347.45,347.45,355.32,15.42,17.43,17.43,14.92,0.0,0.0,0.0,0.0,55.77,51.8,51.8,54.32,-32.56,-31.44,-31.44,-31.11,-43.48,-43.48,-43.48,-43.48,-30.0,-30.0,-30.0,-30.0,-30.0,-30.0,-30.0,-30.0,-60.31,-56.35,-56.35,-53.89,8.6,9.56,9.56,8.65,-48.19,-47.43,-47.43,-46.69,49.37,114.04,114.04,111.14,-29.34,-19.65,-19.65,-32.38,0.7,-1.72,0.0,2.61,-1.64,0.0,0.0,0.0,-9.07,-0.88,-1.45,-30.21,-12.06,1,Large
TataNld,145,186,0.005360405645755,1.7056277056277056,0.8260869565217391,0.0857019755100913,9.849712643678162,28.0,12,9,43.41891441891441,1.1216742274963591,40062.92484731905,-0.2126691484961298,0.065287356321839,19,0.0221374485721011,2.395652173913044,1.0,0.1522311046743066,6.629885057471264,15.0,1,0,18.918669065748457,1.212005843382462,21473.91271375944,-0.1480241689298727,0.0671264367816091,0.0277534921428919,1.8831168831168832,0.855072463768116,0.0992185133884616,5.100095785440613,12.0,12,9,114.02677221768133,1.6260617966436326,23025.62942269874,0.0387360712381736,0.1008798198303445,0.0286162987314025,2.056034482758621,0.9782608695652174,0.1539120962518744,5.801340996168582,13.0,12,9,33.94658747030199,1.2429453001012187,22233.86818371209,-0.0015979582921385,0.0599671592775041,0.0254904751801778,2.07725321888412,0.9855072463768116,0.1482448829707809,5.890613026819923,12.0,8,8,24.34428904428904,1.225410015222532,20492.221057387997,-0.1697756276069522,0.0588505747126436,0.0203188813639784,2.0343347639484977,0.9710144927536232,0.1576940945181291,6.030747126436782,14.0,8,8,27.136938818756995,1.216719490259325,21232.54943198682,-0.1202770671261255,0.0462068965517241,0.019819839603473,2.0128755364806867,0.9782608695652174,0.1468072090440615,6.18735632183908,14.0,8,8,33.180636800732486,1.2210248803337065,21481.252977657092,-0.1793933054393314,0.0604597701149425,0.0232775595027374,2.07725321888412,0.9710144927536232,0.1423828353249212,6.133620689655173,13.0,8,8,26.261443800954275,1.2203054282327437,20543.430483645545,-0.1937055801843653,0.0604597701149425,375.53,279.05,269.74,334.25,21.79,19.27,18.01,21.79,19.3,17.54,18.42,17.54,72.98,84.0,71.3,66.14,-40.2,-38.77,-37.18,-37.73,-57.14,-50.0,-50.0,-53.57,-33.33,-33.33,-33.33,-33.33,-11.11,-11.11,-11.11,-11.11,-43.93,-37.5,-23.58,-39.52,9.25,8.47,8.86,8.79,-48.85,-47.0,-46.38,-48.72,20.17,43.44,15.65,8.92,-9.86,-29.23,-7.39,-7.39,25.45,2.11,1.49,-5.99,-2.32,-14.29,0.0,0.0,-10.29,0.71,-3.49,-41.15,27.36,1,Large
Interoute,110,146,0.0119805168104881,1.8478260869565215,0.819047619047619,0.1406409211251575,7.621184320266889,17.0,8,8,35.90011757789536,1.17656714920932,19159.92814673911,-0.2137767220902607,0.1054545454545454,15,0.0258104078121182,2.4933920704845813,0.9333333333333332,0.1661837900205731,6.146455379482902,13.0,2,0,20.45566578483245,1.2616144477501423,11565.941909949584,-0.1575290195605886,0.1063636363636363,0.0241738002181379,1.791304347826087,0.819047619047619,0.1145005119119541,5.176480400333611,13.0,8,8,77.76084656084657,1.6834806354259508,13652.475084544338,0.0253581990153943,0.1476008202323991,0.0284746001417975,2.0259740259740258,0.961904761904762,0.1630187340408712,5.592660550458716,12.0,8,8,26.336809570654587,1.286727191756912,13063.610406813645,-0.1397232988802773,0.1039393939393939,0.0377390492606747,2.1184210526315788,0.9523809523809524,0.167891606270549,5.276897414512093,11.0,5,7,19.43459328737105,1.284376047627008,10346.092106505635,-0.202327196943383,0.0983116883116883,0.0358321258059905,2.1184210526315788,0.961904761904762,0.1524220257553802,5.370141784820684,12.0,5,7,16.373435412324305,1.285655817339414,10632.622623136576,-0.1725815168438126,0.0966666666666666,0.0338853461108689,2.0921052631578947,0.9333333333333332,0.1688114015278622,5.317764804003336,12.0,6,8,21.461616161616156,1.2831442894336231,10731.560861395854,-0.1912829764425968,0.0896969696969696,0.0377390492606747,2.1184210526315788,0.9523809523809524,0.167891606270549,5.276897414512093,11.0,5,7,19.43459328737105,1.284376047627008,10346.092106505635,-0.202327196943383,0.0983116883116883,215.0,199.09,182.84,215.0,14.64,14.64,13.22,14.64,16.28,17.44,13.95,16.28,19.38,8.38,20.03,19.38,-30.76,-29.54,-30.22,-30.76,-35.29,-29.41,-29.41,-35.29,-37.5,-37.5,-25.0,-37.5,-12.5,-12.5,0.0,-12.5,-45.86,-54.39,-40.22,-45.86,9.16,9.27,9.06,9.16,-46.0,-44.51,-43.99,-46.0,5.36,19.27,10.52,5.36,-6.77,-8.33,-14.94,-6.77,5.32,0.0,-0.99,10.15,-1.74,-8.33,0.0,0.0,18.7,-0.1,-2.69,-17.24,1.7,1,Large
UsCarrier,158,189,0.0024838241264911,1.5,0.4039735099337748,0.0661917555806305,12.09030073369346,35.0,33,31,81.16217948717954,1.0286249936307077,83612.04552549016,-0.0951793860189876,0.0582278481012658,19,0.0060495706307772,2.017467248908297,0.7748344370860927,0.1143291013346839,8.897927920664355,24.0,6,4,47.24208337958339,1.131823350775308,49174.6797606027,0.0072239422084601,0.0729957805907173,0.0198795908177352,1.5493562231759657,0.4635761589403973,0.0738973295934453,6.074901233572523,14.0,30,27,123.51458619727856,1.554792657484784,41599.57128778835,0.0221361954161726,0.0964632963807427,0.0142881565516464,1.487068965517241,0.9205298013245032,0.1025597906388986,6.86785455131823,18.0,30,27,40.663822110937495,1.1576957879895815,42635.68792773838,0.1785067417991551,0.0562085593731163,0.0078651560783112,1.832618025751073,0.8675496688741722,0.1147800646881463,7.107957752156736,19.0,12,10,42.991412291412296,1.1194041791742468,35635.052891705694,-0.0645463477048908,0.0483122362869198,0.0077079898041149,1.703862660944206,0.8675496688741722,0.1174379305513461,7.335886479077643,19.0,16,13,43.12441771191771,1.121655741094682,37476.6954905811,-0.0756630784596604,0.0525316455696202,0.0186443378088087,2.060085836909871,0.9801324503311258,0.1264262005425158,6.822301056196082,16.0,9,7,47.28154253154252,1.120396693422082,30943.3250157182,-0.0707628437986508,0.0483122362869198,0.0077555702013941,1.841201716738197,0.8675496688741722,0.1155823037632842,7.24977827944852,19.0,12,10,43.1925061050061,1.1194306955261466,35959.67912583236,-0.0645463477048908,0.0483122362869198,216.65,210.33,650.63,212.24,22.17,13.59,37.34,22.75,114.75,114.75,142.62,114.75,73.41,77.42,91.0,74.62,-41.21,-39.32,-43.57,-40.04,-45.71,-45.71,-54.29,-45.71,-63.64,-51.52,-72.73,-63.64,-67.74,-58.06,-77.42,-67.74,-47.03,-46.87,-41.74,-46.78,8.83,9.04,8.92,8.83,-57.38,-55.18,-62.99,-56.99,32.18,20.5,25.65,32.18,-17.03,-9.78,-17.03,-17.03,2.04,7.56,0.0,-2.26,-3.11,0.0,-25.0,-23.08,-0.31,-0.2,-4.91,14.69,-8.03,1,Large
Colt,153,177,0.0044111537225172,1.207792207792208,0.5136986301369864,0.0597867795212271,8.345029239766081,20.0,30,61,82.33355408388522,1.178875800226354,56104.03752054746,-0.3203296469026061,0.0396358543417366,18,0.0124554093133723,1.3982683982683983,0.6438356164383562,0.0702889060941379,7.2330581355349155,14.0,20,22,50.44412908651321,1.2834095639611198,34006.17616790551,-0.228437601446923,0.1450587880230325,0.0246328891353853,1.1774891774891776,0.5136986301369864,0.0574076913033913,4.521069831441348,13.0,30,61,127.91942604856526,1.7654506448465024,31727.04136348704,-0.0901797478196602,0.0688531113621973,0.0293674411683239,1.3504273504273503,0.6506849315068494,0.0725962456910988,5.277261781905745,11.0,29,58,56.57134447598021,1.362347919003646,31489.43495820417,-0.2202704107563644,0.0438984170666317,0.0170231639620614,1.4549356223175969,0.7397260273972602,0.0785117143988882,5.858187134502924,13.0,22,47,48.476404831371696,1.2616502829918743,29820.30757373777,-0.2982444440739567,0.0394179894179894,0.0170231639620614,1.4549356223175969,0.7397260273972602,0.0785117143988882,5.858187134502924,13.0,22,47,48.476404831371696,1.2616502829918743,29820.30757373777,-0.2982444440739567,0.0394179894179894,0.0158254413463804,1.463519313304721,0.7534246575342466,0.0768435093801513,6.016683866529068,13.0,22,47,50.9809042686526,1.260979206130906,30042.316356288076,-0.2996266478909777,0.0394179894179894,0.0168041534508103,1.5236051502145922,0.684931506849315,0.0744774480357034,5.91795665634675,13.0,23,46,45.42376222011984,1.258709026598954,29529.161942583894,-0.2998288588799622,0.0394179894179894,285.91,285.91,258.76,280.95,20.46,20.46,21.17,26.15,44.0,44.0,46.67,33.33,31.32,31.32,28.53,24.57,-29.8,-29.8,-27.9,-29.08,-35.0,-35.0,-35.0,-35.0,-26.67,-26.67,-26.67,-23.33,-22.95,-22.95,-22.95,-24.59,-41.12,-41.12,-38.08,-44.83,7.02,7.02,6.96,6.77,-46.85,-46.85,-46.45,-47.37,6.89,6.89,6.46,6.4,-0.55,-0.55,-0.55,-0.55,0.0,0.0,0.0,0.0,0.0,0.0,0.0,0.0,0.0,0.0,0.0,0.0,0.0,1,Large
Ion,125,146,0.0056995809004422,1.8369098712446352,0.773109243697479,0.1029887497854649,10.136903225806453,25.0,10,11,44.31382113821141,0.991887493499662,36708.40185266939,-0.2796994834872439,0.0112,15,0.0121844080883792,2.1471861471861478,0.9663865546218487,0.1599072763613457,7.586193548387096,17.0,1,0,41.82307394502515,1.0983429688859874,22339.244387288865,-0.0706421018205601,0.0442666666666666,0.0224134568493972,1.8922413793103448,0.7899159663865546,0.0973322656505575,5.58,12.0,10,11,101.19454123112664,1.4338597564980344,22072.48857217191,0.0448224339631305,0.0510917293233082,0.0220819443906804,1.947136563876652,0.865546218487395,0.1293215655324336,6.443483870967742,14.0,10,11,46.25947218996004,1.1113327689522197,22144.438442621667,0.0509722392075333,0.0066666666666666,0.0212914154716819,2.077586206896552,0.8823529411764706,0.1365990498893546,6.418967741935484,14.0,9,10,28.137630662020907,1.094763771260674,19023.507917654348,-0.1880012832852101,0.0165333333333333,0.0215294913170655,2.081896551724138,0.8823529411764706,0.1328893621447025,6.396387096774194,14.0,9,10,29.781087882307396,1.096175596436436,19460.51267407941,-0.1863263275711991,0.0165333333333333,0.0309458547248766,2.077586206896552,0.9327731092436976,0.131287612904397,6.174967741935484,13.0,9,10,29.938237191895727,1.0975443496079138,18542.73803764342,-0.1659274011043738,0.0152,0.0252323771787926,2.0172413793103448,0.8991596638655462,0.1298587724778837,6.425935483870968,14.0,9,10,33.41465350367789,1.095848575628429,18829.03131549813,-0.1568028956538169,0.011047619047619,273.56,277.74,442.95,342.71,13.1,13.34,13.1,9.82,14.13,14.13,20.65,16.3,32.63,29.03,27.48,26.09,-36.68,-36.9,-39.08,-36.61,-44.0,-44.0,-48.0,-44.0,-10.0,-10.0,-10.0,-10.0,-9.09,-9.09,-9.09,-9.09,-36.5,-32.8,-32.44,-24.6,10.37,10.51,10.65,10.48,-48.18,-46.99,-49.49,-48.71,32.78,33.38,40.68,43.94,47.62,47.62,35.71,-1.36,-1.11,-0.21,0.0,2.79,0.35,0.0,0.0,0.0,-5.52,-0.13,-2.25,-0.9,0.0,1,Large
GtsCe,149,193,0.0043493940069243,1.922413793103448,0.4718309859154929,0.0743431948698602,8.829584618175222,21.0,11,13,74.032955404384,1.1796024352561838,43090.33909370551,-0.0926252379849106,0.0822147651006711,20,0.0233759116724018,2.1894273127753303,0.9507042253521126,0.139126211924531,6.437783421004897,13.0,1,0,33.35850653503716,1.26994971479182,22786.950888700798,-0.0572275398654062,0.1045861297539149,0.0340630873915295,1.896551724137931,0.4788732394366197,0.0706344818461066,4.949573734808634,11.0,11,13,117.01294971090898,1.7568837678304483,25453.851280375507,0.0754450636506644,0.1157168626529583,0.0305582755683431,1.8197424892703864,0.9507042253521126,0.1270278924101893,5.674043170687466,14.0,10,12,41.72805686377113,1.3133665292941723,24874.238781175543,-0.0379147625670573,0.0769473256050437,0.0315128010857672,2.121739130434783,0.943661971830986,0.1393271133973734,5.672864139307093,12.0,8,8,27.660054873320185,1.277852738451012,21448.892497919613,-0.0293780999618458,0.0710290827740492,0.0348274995941848,2.0565217391304347,0.9154929577464788,0.165876419784928,5.7641030292037,13.0,7,7,20.164329812289,1.2741290753415608,20488.96953882856,-0.0840218690668732,0.0746085011185682,0.0365691923102836,2.091304347826087,0.9507042253521126,0.1505822965358908,5.594685289316161,11.0,8,8,25.21252319109463,1.2778919993059583,21059.80996582124,-0.0506879745926635,0.0743847874720358,0.0365691923102836,2.091304347826087,0.9507042253521126,0.1505822965358908,5.594685289316161,11.0,8,8,25.21252319109463,1.2778919993059583,21059.80996582124,-0.0506879745926635,0.0743847874720358,624.53,700.74,740.79,740.79,10.37,6.98,8.79,8.79,100.0,94.03,101.49,101.49,87.41,123.12,102.55,102.55,-35.75,-34.72,-36.64,-36.64,-42.86,-38.1,-47.62,-47.62,-27.27,-36.36,-27.27,-27.27,-38.46,-46.15,-38.46,-38.46,-62.64,-72.76,-65.94,-65.94,8.33,8.01,8.33,8.33,-50.22,-52.45,-51.13,-51.13,68.28,9.29,45.28,45.28,-13.61,-9.25,-9.52,-9.52,-9.52,3.17,3.08,-16.01,-1.58,-7.69,14.29,14.29,37.17,0.29,4.69,65.04,-4.8,1,Large
Pern,127,129,0.0077016056889991,1.0043290043290043,0.0909090909090909,0.0266191806979655,4.54618172728409,8.0,9,118,58.704,1.8555422750018415,29320.476190476336,-0.6727813728025663,0.0040801717967072,13,0.013646455101299,1.0,0.0991735537190082,0.0283307599247991,4.201099862517185,7.0,8,90,69.43999999999997,1.9440896394398612,23660.097624350143,-0.5798743518473366,0.1787571331386419,0.0283720129316302,1.012931034482759,0.0909090909090909,0.0265372759360607,3.093863267091613,4.0,8,111,99.21066666666664,2.610675018056184,19839.607211412625,-0.6109950127770183,0.0582097196822876,0.0738842317977054,1.051948051948052,0.0909090909090909,0.027104491485069,3.1006124234470693,5.0,8,110,60.39253333333328,2.4767569993493272,17711.60181791236,-0.6107315003792249,0.0299511144420185,0.0271323349376336,1.0643776824034334,0.1157024793388429,0.0307656276493827,3.8953880764904394,6.0,8,93,53.46708571428572,1.9196895622197645,19050.143021489683,-0.5917426299654349,0.0291180160115897,0.0263226793646625,1.0472103004291846,0.1157024793388429,0.0310979894353837,3.9156355455568055,6.0,8,93,54.96506666666668,1.9049738308444968,19299.120556115467,-0.5822446787198982,0.0081181285905695,0.0274690501081376,1.0643776824034334,0.1157024793388429,0.0304346926330199,3.8388951381077367,6.0,8,93,51.81241904761907,1.9201088162152549,19152.55499203045,-0.5907020108051771,0.0291180160115897,0.0204561115996072,1.055793991416309,0.1157024793388429,0.030442284075394,3.938507686539183,6.0,8,93,57.13615238095239,1.9265041672066896,19950.95396044793,-0.5912801325608759,0.0448971700995422,252.29,241.78,256.67,165.61,5.98,4.27,5.98,5.12,27.27,27.27,27.27,27.27,15.58,16.83,14.33,14.36,-14.32,-13.87,-15.56,-13.37,-25.0,-25.0,-25.0,-25.0,-11.11,-11.11,-11.11,-11.11,-21.19,-21.19,-21.19,-21.19,-8.92,-6.37,-11.74,-2.67,3.46,2.66,3.48,3.82,-35.03,-34.18,-34.68,-31.96,12.05,13.46,12.2,12.11,613.65,98.97,613.65,1000.37,3.08,1.64,0.0,-1.07,-0.52,0.0,0.0,0.0,-2.73,0.77,-1.29,-1.63,258.68,1,Large
